{"current":{"color_heading_new":"#555555","color_text_new":"#555555","color_error_new":"#d02e2e","color_border_new":"#cccccc","color_background_new":"#ffffff","color_button_primary_bg":"#555555","color_button_secondary_bg":"#ffffff","color_badge_bg":"#008dc5","type_heading_font":"avenir_next_n4","type_heading_size":110,"type_heading_letter_spacing":0,"type_base_font":"avenir_next_n4","type_base_size":115,"type_base_letter_spacing":0.5,"accent_line":"none","mobile_menu_behaviour":"trigger","transition_text":false,"transition_grid_items":true,"transition_images_fade":true,"transition_collections_list":true,"enable_infinity_scroll":true,"dots_style":"line","show_search":true,"search_overlay_opacity":0,"image_aspect_ratio":1,"image_size":"contain","hover_image":true,"show_review_stars":true,"enable_payment_button":true,"enable_variant_boxes":false,"enable_color_swatches":false,"color_swatches_style":"square","product_badge_style":"circle","products_rows":1,"products_columns":3,"products_columns_mobile":"2","show_quick_view":false,"show_quick_view_description":true,"show_quantity":false,"show_slideshow_arrows":false,"show_slideshow_dots":true,"enable_video_looping":false,"cart_icon":"cart","enable_ajax_cart":true,"enable_cart_order_notes":true,"show_continue_shopping":true,"tax_text":"Excluding taxes and shipping","show_breadcrumbs":true,"show_reviews":true,"enable_yotpo":false,"yotpo_ID":"","favicon":"shopify:\/\/shop_images\/favicon.png","instagram_url":"https:\/\/www.instagram.com\/miracobeauty\/","facebook_url":"https:\/\/www.facebook.com\/miracobeauty","twitter_url":"","tiktok_url":"https:\/\/www.tiktok.com\/@miracobeauty","pinterest_url":"https:\/\/www.pinterest.com\/miracobeauty\/","youtube_url":"https:\/\/www.youtube.com\/channel\/UC1Ri8lt3T4R5Wmz4ih-i5vQ","tumblr_url":"","rss_url":"","share_on_twitter":false,"share_on_facebook":false,"share_on_pinterest":false,"checkout_logo_image":"shopify:\/\/shop_images\/miraco-logo.png","checkout_logo_position":"left","checkout_logo_size":"medium","checkout_body_background_image":"","checkout_body_background_color":"#ffffff","checkout_input_background_color_mode":"white","checkout_sidebar_background_image":"","checkout_sidebar_background_color":"#e1e1e1","checkout_heading_font":"-apple-system, BlinkMacSystemFont, 'Segoe UI', Roboto, Helvetica, Arial, sans-serif, 'Apple Color Emoji', 'Segoe UI Emoji', 'Segoe UI Symbol'","checkout_body_font":"-apple-system, BlinkMacSystemFont, 'Segoe UI', Roboto, Helvetica, Arial, sans-serif, 'Apple Color Emoji', 'Segoe UI Emoji', 'Segoe UI Symbol'","checkout_accent_color":"#555555","checkout_button_color":"#555555","checkout_error_color":"#e32c2b","base_font_size":14,"body_font_size":14,"twitter_via":"","sections":{"announcement":{"type":"announcement","settings":{"show_announcement":true,"show_announcement_on_mobile":true,"text":"<p>Free shipping on orders $35+<\/p>","link":"","color_bg":"#555555","color_text":"#ffffff"}},"popup":{"type":"popup","settings":{"show_popup":"disabled","popup_position":"right","popup_header":"GET 15% OF YOUR NEXT ORDER","popup_content":"<p>Sign up to be one of the first to know about exclusive offers, new launches and more. Plus, enjoy 15% off your first order.<\/p>","text_alignment":"left","show_popup_newsletter":true,"popup_delay":5,"popup_reappear_time":"0"}},"header":{"type":"header","settings":{"header_transparent":true,"header_transparent_other":false,"header_text_color":"white","logo_transparent":"shopify:\/\/shop_images\/miraco-logo-white_ded2ab5a-73c0-4f6f-87c8-3f0fa8a1a944.png","logo":"shopify:\/\/shop_images\/miraco-logo.png","logo_max_width":140,"show_site_name":false,"menu_list":"main-menu","links_position":"links_center","logo_position":"logo_left","meganav_image":"shopify:\/\/shop_images\/towels-bath-towels-bathroom-45980.jpg","image_aspect_ratio":0.7,"meganav_image_heading":"","meganav_image_link":"shopify:\/\/collections\/all"}},"footer":{"type":"footer","blocks":{"898aa6f5-63c3-4c57-9bf8-e75c7b2a172b":{"type":"menu","settings":{"menu":"footer-menu-shop","title":"SHOP","mobile_hide_block":true}},"footer-block-menu":{"type":"menu","settings":{"menu":"footer-menu","title":"ABOUT","mobile_hide_block":false}},"7fe3ad85-ffb7-4c40-95df-0fe5a2e1b4aa":{"type":"menu","settings":{"menu":"footer-menu-customer","title":"CUSTOMER CARE","mobile_hide_block":false}},"footer-block-newsletter":{"type":"newsletter","settings":{"title":"LETS CONNECT!","content":"Become a MIRACO Beauty Insider. Be the first to receive notifications, updates and exclusive news.","mobile_hide_block":false}},"ab270eb6-d9db-4727-8b33-0a9c6b3f1bbc":{"type":"text","disabled":true,"settings":{"title":"","text":"","mobile_hide_block":false}}},"block_order":["898aa6f5-63c3-4c57-9bf8-e75c7b2a172b","footer-block-menu","7fe3ad85-ffb7-4c40-95df-0fe5a2e1b4aa","footer-block-newsletter","ab270eb6-d9db-4727-8b33-0a9c6b3f1bbc"],"settings":{"color_footer_text":"#ffffff","color_footer_bg":"#555555","color_bottom_bar_bg":"#555555","show_payment_icons":false,"show_social_icons":true,"menu":"footer","show_locale_selector":false,"show_currency_selector":false}},"product-template":{"type":"product-template","blocks":{"9035c3cd-9cfc-445f-8cb2-6a637899d86e":{"type":"banner","disabled":true,"settings":{"image":"shopify:\/\/shop_images\/s-cell-banner-0712.jpg","image_position":"center-center","height":"original-height","subheading":"","title":"","text":"","text_position":"center","color_text":"#ffffff","color_overlay":"#333333","overlay_opacity":0}},"c92e73b1-64b0-499f-918c-7ae966c98afa":{"type":"rich-text","disabled":true,"settings":{"layout":"default","subheading":"","title":"Describe your products or brand in detail here","content":"<p>Modular is a powerful Shopify theme that will set you apart from the rest. It features ample space to showcase your imagery with Mosaic, Image with text, and Slideshow sections.<\/p>","button_text":"","button_link":"","button_style":"primary"}},"c463befd-1dc7-44ea-8ca6-7e02edd6e045":{"type":"icons-row","disabled":true,"settings":{"alignment_icons":"center","color_icons_bg":"#4a7eb7","color_icons_text":"#333333","icon_name_1":"shop","icon_image_1":"shopify:\/\/shop_images\/cruelty_free_cb4b5fe1-e234-4c9f-9518-63469aa6f76a.png","title_1":"Feature","content_1":"Modular is a powerful Shopify theme that will set you apart from the rest with Mosaic, Image with text, and Slideshow sections.","icon_name_2":"shop","title_2":"Feature","content_2":"Modular is a powerful Shopify theme that will set you apart from the rest with Mosaic, Image with text, and Slideshow sections.","icon_name_3":"shop","title_3":"Feature","content_3":"Modular is a powerful Shopify theme that will set you apart from the rest with Mosaic, Image with text, and Slideshow sections.","icon_name_4":"shop","title_4":"Feature","content_4":"Modular is a powerful Shopify theme that will set you apart from the rest with Mosaic, Image with text, and Slideshow sections."}},"d773ec57-f915-4a46-970e-19c4d343d425":{"type":"product-feature","disabled":true,"settings":{"title":"This is a heading for a Product feature block.","description":"<p>Use this text to share information about the point put forth above. Describe a product, your brand, or what makes you special.<\/p>","image_aspect_ratio":0.7,"image_link":"","button_text":"","button_link":"","button_style":"primary","blocks_alignment":"center","reverse_layout":false}},"112b2459-1c2d-4918-95fd-d82619f9b961":{"type":"banner","disabled":true,"settings":{"image_position":"center-center","height":"normal","subheading":"","title":"Welcome to Modular","text":"<p>A unique layout with a striking design<\/p>","text_position":"center","color_text":"#ffffff","color_overlay":"#333333","overlay_opacity":0}},"0774787b-6e6b-4bf4-81fc-8730387b009c":{"type":"rich-text","disabled":true,"settings":{"layout":"split","subheading":"","title":"Describe your products or brand in detail here","content":"<p>Modular is a powerful Shopify theme that will set you apart from the rest. It features ample space to showcase your imagery with Mosaic, Image with text, and Slideshow sections.<\/p>","button_text":"","button_link":"","button_style":"primary"}},"c7056d3c-483e-429c-8550-ece345d5e911":{"type":"banner","settings":{"image":"shopify:\/\/shop_images\/Blue-bg-3838UP.png","image_position":"center-center","height":"original-height","subheading":"","title":"Committed to Our Promise","text":"<p>We are meticulous in our research and development of each skin care product and our formulas meet our standards to ensure the safety and excellent efficacy of each product.<\/p>","text_position":"center","color_text":"#ffffff","color_overlay":"#333333","overlay_opacity":0}},"95536d73-0202-4067-948d-cbb2e0fafeda":{"type":"icons-row","settings":{"alignment_icons":"center","color_icons_bg":"#008dc5","color_icons_text":"#ffffff","icon_name_1":"shop","icon_image_1":"shopify:\/\/shop_images\/cruelty_free_cb4b5fe1-e234-4c9f-9518-63469aa6f76a.png","title_1":"Not Tested on Animals","content_1":"","icon_name_2":"shop","icon_image_2":"shopify:\/\/shop_images\/no_mineral_oil.png","title_2":"No Mineral Oil","content_2":"","icon_name_3":"shop","icon_image_3":"shopify:\/\/shop_images\/ppf.png","title_3":"Parabens, and Phthalate Free","content_3":"","icon_name_4":"shop","icon_image_4":"shopify:\/\/shop_images\/all-skin.png","title_4":"All Skin Types","content_4":""}}},"block_order":["9035c3cd-9cfc-445f-8cb2-6a637899d86e","c92e73b1-64b0-499f-918c-7ae966c98afa","c463befd-1dc7-44ea-8ca6-7e02edd6e045","d773ec57-f915-4a46-970e-19c4d343d425","112b2459-1c2d-4918-95fd-d82619f9b961","0774787b-6e6b-4bf4-81fc-8730387b009c","c7056d3c-483e-429c-8550-ece345d5e911","95536d73-0202-4067-948d-cbb2e0fafeda"],"settings":{"product_layout":"slideshow","image_size":"large","add_cart_position":"bottom","lightbox":true,"show_vendor":false,"show_quantity":true,"show_cart_bar":true,"enable_payment_button":true,"enable_store_availability":false,"show_newsletter":false,"text_newsletter":"<p>Notify me when this product is available:<\/p>","enable_tabs_h6":true,"page_tab_1":"","page_tab_2":"","page_tab_3":"","product_slideshow_dots":false,"product_slideshow_arrows":false,"enable_video_looping":false}},"list-collections-page-template":{"type":"list-collections-page-template","blocks":{"1c98c0aa-7ae6-4279-8b9c-418401555997":{"type":"collection","settings":{"collection":"s_cell","image":"shopify:\/\/shop_images\/collection-block-scell.jpg","image_position":"center-center","overlay_color":"#333333","overlay_opacity":0}},"6263ac43-e172-4fc0-8a78-a7335a4486b7":{"type":"collection","settings":{"collection":"hydra","image":"shopify:\/\/shop_images\/hydra-collection.jpg","image_position":"center-center","overlay_color":"#333333","overlay_opacity":0}}},"block_order":["1c98c0aa-7ae6-4279-8b9c-418401555997","6263ac43-e172-4fc0-8a78-a7335a4486b7"],"settings":{"display_type":"selected","show_description":true,"collections_columns":2,"coll_text_position":"center","button_text":"SHOP NOW","button_style":"secondary","text_color":"#ffffff","overlay_color":"#555555","overlay_opacity":25}},"blog-template":{"type":"blog-template","settings":{"show_blog_name":true,"show_rss":false,"show_featured_post":true,"tags":false,"author":false,"date":true,"show_comments":false,"image_aspect_ratio":1,"article_rows":4,"article_columns":3}},"collection-template":{"type":"collection-template","settings":{"show_sort_filter":false,"filter_mode":"hidden","position_filters":"left","show_banner":true,"banner_image":"shopify:\/\/shop_images\/all-products.jpg","image_position":"center-center","banner_height":"small","banner_text_position":"center","banner_color_text":"#ffffff","banner_color_overlay":"#ffffff","banner_overlay_opacity":0,"show_featured_image":false,"featured_heading":"","featured_text":"<p>Elaborate on it with rich text<\/p>","featured_button_text":"Learn More","featured_button_link":"","featured_button_style":"secondary","featured_color_text":"#ffffff","featured_color_overlay":"#333333","featured_overlay_opacity":0}},"slideshow":{"type":"slideshow","blocks":{"03572eed-32fc-44ea-a853-e020885cf45b":{"type":"image","disabled":true,"settings":{"image":"shopify:\/\/shop_images\/labor-day-2022.jpg","image_mobile":"shopify:\/\/shop_images\/labor-day-2022-mobile.jpg","image_position":"center-center","alignment":"center","color_style":"white","subheading":"Labor Day Weekend Sale","title":"25% Off Sitewide","text":"<p>Celebrate Labor Day weekend with 25% off on all skincare products. No code required. Discount applies on checkout. Valid 9\/3 - 9\/5 11:59  PM PDT<\/p>","cta":"SHOP NOW","link":"shopify:\/\/collections\/all","cta_primary_btn_style":"primary","cta_2":"","link_2":"","cta_secondary_btn_style":"secondary","overlay_color":"#333333","overlay_opacity":0}},"95b14298-666f-48af-b43c-7e3a9e21970b":{"type":"image","disabled":true,"settings":{"image":"shopify:\/\/shop_images\/2022-10-8_d57e39ee-9340-4a53-aeb6-8d0669c55b40.jpg","image_mobile":"shopify:\/\/shop_images\/2022-10-8-mobile_afd071c7-cfc2-4557-a933-9cd7f8d6b05b.jpg","image_position":"center-center","alignment":"left","color_style":"white","subheading":"","title":"Dive into the Deep","text":"<p>Take a deep breath and experience radiant skin with the Hydra+ Deep Water Cream. Inspired by the deep blue sea, our hyaluronic acid cream features exclusive ingredients like Antarcticine®, jellyfish extract and kombuchka.<\/p>","cta":"SHOP NOW","link":"shopify:\/\/products\/hydra-deep-water-cream","cta_primary_btn_style":"primary","cta_2":"","link_2":"","cta_secondary_btn_style":"secondary","overlay_color":"#333333","overlay_opacity":0}},"de7384b4-c63c-446a-8c3c-be7adbb563ed":{"type":"image","settings":{"image":"shopify:\/\/shop_images\/2022-10-24_03_02.jpg","image_mobile":"shopify:\/\/shop_images\/2022-09-24-mobile_46ca4a71-715c-4958-8cfc-9465aa930c7c.jpg","image_position":"center-center","alignment":"left","color_style":"white","subheading":"","title":"The Golden Standard of Sheet Masks","text":"<p>The perfect fall mask with instant results for at home spa days. Protect your skin barrier with hydration like you've never experienced before with our innovative jelly material.<\/p>","cta":"Shop Now","link":"shopify:\/\/products\/hydra-deep-hydration-sheet-mask-3-pc","cta_primary_btn_style":"primary","cta_2":"","link_2":"","cta_secondary_btn_style":"secondary","overlay_color":"#333333","overlay_opacity":0}}},"block_order":["03572eed-32fc-44ea-a853-e020885cf45b","95b14298-666f-48af-b43c-7e3a9e21970b","de7384b4-c63c-446a-8c3c-be7adbb563ed"],"settings":{"show_nav_arrows":false,"show_arrow_down":false,"autoplay":true,"duration":15,"transition":"fade","dots_position":"center","slide_height":"one-hundred-height-hero","button_size":"normal"}},"rich-text":{"type":"rich-text","settings":{"layout":"default","subheading":"","title":"Skincare at the Intersection of Nature, Science and Technology","content":"<p>Our products are developed by professional scientists and skin experts. We are continuously committed to discovering highly effective, natural ingredients and combining them with latest scientific research.<\/p>","button_text":"","button_link":"","button_style":"primary"}},"image-with-text":{"type":"image-with-text","blocks":{"image-with-text-0":{"type":"gallery_image","settings":{"slide":"shopify:\/\/shop_images\/home-about-image.jpg"}}},"block_order":["image-with-text-0"],"settings":{"show_nav_arrows":false,"color_style":"black","transition":"slide","autoplay":true,"duration":4,"slide_height":"five-fifty-height-hero","slide_image_position":"right","slide_image_width":"med_s12|med_s12","subheading":"","title":"About Miraco Beauty","content":"<p>Our mission is to improve skin health. Dedicated to this purpose, we made a simple promise - to provide advanced skincare products backed by science. <\/p>","cta":"LEARN MORE","link":"shopify:\/\/pages\/about-us","button_style":"primary"}},"featured-collection":{"type":"featured-collection","settings":{"title":"OUR BEST SELLERS","featured_collection":"best-sellers","show_description":true,"products_layout":"carousel","products_rows":1,"show_button":true,"button_style":"primary","color_style":"white"}},"list-collections":{"type":"list-collections","blocks":{"list-collections-0":{"type":"collection","settings":{"collection":"s_cell","image":"shopify:\/\/shop_images\/collection-block-scell.jpg","image_position":"center-center","overlay_color":"#333333","overlay_opacity":20}},"list-collections-1":{"type":"collection","settings":{"collection":"hydra","image":"shopify:\/\/shop_images\/hydra-collection.jpg","image_position":"center-center","overlay_color":"#333333","overlay_opacity":20}}},"block_order":["list-collections-0","list-collections-1"],"settings":{"title":"SHOP OUR COLLECTIONS","text":"","blocks_height":"default-height","coll_text_position":"center","show_description":false,"button_text":"SHOP NOW","button_style":"secondary","text_color":"#ffffff"}},"testimonials":{"type":"testimonials","disabled":true,"blocks":{"testimonials-0":{"type":"testimonial","settings":{"blockquote":"Use this testimonial as an opportunity for your most valued customer to discuss your brand and what sets you apart from the competition. This section looks best when limited to two or three lines!","author":"John Doe"}}},"block_order":["testimonials-0"],"settings":{"title":"REVIEWS","title_position":"center","blocks_text_align":"center","hide_quotes":false,"columns":1}},"featured-blog":{"type":"featured-blog","settings":{"blog":"articles","heading":"Miraco Beauty Blog","text":"Fall into skincare with top industry experts in all things beauty, formulations, trends and wellness. Ranging from reviews, treatments and how-tos for your skin needs. We’re your Glow-to Girlfriends who take out the grunt work for you.","cta":"VISIT OUR BLOG","button_style":"primary","tags":false,"author":false,"date":false,"show_comments":false,"image_aspect_ratio":1,"article_rows":1,"article_columns":3}},"logo-list":{"type":"logo-list","disabled":true,"blocks":{"logo-list-0":{"type":"item_logo","settings":{"logo_width":120,"logo_url":""}},"logo-list-1":{"type":"item_logo","settings":{"logo_width":120,"logo_url":""}},"logo-list-2":{"type":"item_logo","settings":{"logo_width":120,"logo_url":""}},"logo-list-3":{"type":"item_logo","settings":{"logo_width":120,"logo_url":""}},"logo-list-4":{"type":"item_logo","settings":{"logo_width":120,"logo_url":""}}},"block_order":["logo-list-0","logo-list-1","logo-list-2","logo-list-3","logo-list-4"],"settings":{"color_style":"black","color_logos_bg":""}},"newsletter":{"type":"newsletter","disabled":true,"settings":{"color":"#333333","background":"#ffffff","title":"Subscribe to Our Newsletter","content":"<p>Subscribe to our newsletter to receive updates about new products and events.<\/p>"}},"about-template":{"type":"about-template","blocks":{"b547db40-1333-4c69-9ce3-b8a100907206":{"type":"banner","settings":{"image":"shopify:\/\/shop_images\/about-banner-02_a58ab276-db7b-490a-8780-44278451c7a4.jpg","image_position":"center-center","height":"normal","subheading":"","title":"ABOUT MIRACO BEAUTY","text":"","text_position":"center","color_text":"#ffffff","color_overlay":"#4a7eb7","overlay_opacity":15}},"af7314c5-3d71-40d7-be38-4a489f8453d2":{"type":"banner","disabled":true,"settings":{"image_position":"center-center","height":"extra-small","subheading":"","title":"","text":"","text_position":"center","color_text":"#ffffff","color_overlay":"#333333","overlay_opacity":0}},"7438b974-6765-4601-a3c3-0cd4a8593efb":{"type":"rich-text","settings":{"layout":"default","subheading":"WE BELIEVE IN","title":"Create advanced, innovative, and effective skincare to improve overall skin health for all skin types. Inspired by our commitment to improving confidence through effective skincare that intersects with nature, science, and technology.","content":"","button_text":"","button_link":"","button_style":"primary"}},"e2367d2e-0a83-4ed4-926e-7e4d0df43c6f":{"type":"rich-text","disabled":true,"settings":{"layout":"default","subheading":"","title":"Advanced skincare inspired by nature, backed by science.","content":"<p>MIRACO BEAUTY's products are developed by professional scientists and skin experts. We are continuously committed to discovering highly effective, natural ingredients and combining them with latest scientific research.<\/p>","button_text":"","button_link":"","button_style":"primary"}},"491c1fc1-d3a9-4a0e-9a0b-42cda3ebbc0f":{"type":"product-feature","settings":{"title":"Advanced skincare inspired by nature, backed by science.","description":"<p>MIRACO BEAUTY's products are developed by professional scientists and skin experts. We are continuously committed to discovering highly effective, natural ingredients and combining them with latest scientific research.<\/p>","image":"shopify:\/\/shop_images\/about-lab.jpg","image_aspect_ratio":0.8,"image_link":"","button_text":"","button_link":"","button_style":"primary","blocks_alignment":"center","reverse_layout":false}},"309a119e-6367-49d3-80ef-c656139a14fa":{"type":"product-feature","settings":{"title":"Mindfully Formulated","description":"<p>MIRACO Beauty works closely with our lab to ensure our products are formulated to being solution-oriented skincare for our customers.<\/p>","image":"shopify:\/\/shop_images\/about-formulaed.jpg","image_aspect_ratio":0.8,"image_link":"","button_text":"","button_link":"","button_style":"primary","blocks_alignment":"center","reverse_layout":true}},"f9a2b4ae-03d7-4247-80f6-a8236a3aa58d":{"type":"product-feature","settings":{"title":"Made In the USA and Clinically Proven","description":"<p>Proudly made in the USA, our products are used by dermatologists, plastic surgeons and in medical spas across the US and Asia as a complement to dermatologic and aesthetic procedures.<\/p>","image":"shopify:\/\/shop_images\/about-proven.jpg","image_aspect_ratio":0.8,"image_link":"","button_text":"","button_link":"","button_style":"primary","blocks_alignment":"center","reverse_layout":false}},"82cf43d3-1e84-45cf-a732-26df2b6e16f5":{"type":"rich-text","disabled":true,"settings":{"layout":"default","subheading":"","title":"Committed to Our Promise","content":"<p>We are meticulous in our research and development of each skin care product and our formulas meet our standards to ensure the safety and excellent efficacy of each product.<\/p>","button_text":"","button_link":"","button_style":"primary"}},"43987c71-44f0-4e72-9bce-fc4205190bff":{"type":"banner","settings":{"image":"shopify:\/\/shop_images\/space-holder-blue.jpg","image_position":"center-center","height":"extra-small","subheading":"Committed to Our Promise","title":"Committed to Our Promise","text":"<p>We are meticulous in our research and development of each skin care product and our formulas meet our standards to ensure the safety and excellent efficacy of each product.<\/p>","text_position":"center","color_text":"#ffffff","color_overlay":"#333333","overlay_opacity":0}}},"block_order":["b547db40-1333-4c69-9ce3-b8a100907206","af7314c5-3d71-40d7-be38-4a489f8453d2","7438b974-6765-4601-a3c3-0cd4a8593efb","e2367d2e-0a83-4ed4-926e-7e4d0df43c6f","491c1fc1-d3a9-4a0e-9a0b-42cda3ebbc0f","309a119e-6367-49d3-80ef-c656139a14fa","f9a2b4ae-03d7-4247-80f6-a8236a3aa58d","82cf43d3-1e84-45cf-a732-26df2b6e16f5","43987c71-44f0-4e72-9bce-fc4205190bff"],"settings":{"show_page_title":false}},"page-template":{"type":"page-template","settings":{"show_page_title":true}},"faq-section__product":{"type":"faq-section__product","blocks":{"e47e36a4-31a9-4d41-8154-fe16c9ca77cd":{"type":"item","settings":{"title":"BENEFIT","answer":"<p>Key Ingredients & Benefits <br\/><br\/>- Antarcticine® – a marine-rich microorganism with several benefits including natural bioactive properties. Derived from the Antarctic’s extremely cold ocean, it prevents cutaneous dryness and is efficacious against cold weather while protecting the skin.<br\/><br\/>- Neotive Jellyfish Extract – smooths lines and wrinkles while promoting skin elasticity<br\/><br\/>- Hyaluronic Acid – holds on to moisture, plumps & tightens the skin<br\/><br\/>- Salicylic Acid – exfoliates, anti-inflammatory, helps lock water into the skin<br\/><br\/>- Avocado Oil – highly moisturizing with fatty acids and mineralsKombuchka – enhances skin radiance, smoothing and re-densifying<br\/><br\/>- Green Algae – anti-aging, rich in vitamins & nutrients<br\/><br\/>- Cacao and Shea Butters – rich emollients with antioxidants and polyphenols<br\/><br\/>For all skin types.<br\/><strong>Skincare concerns: <\/strong>dryness, dullness, and uneven texture<br\/>No parabens, no phthalates, no mineral oil.<br\/>Not tested on animals.<\/p>"}},"968b6050-1a96-4c1e-bd72-ea8dc2e449b5":{"type":"item","settings":{"title":"HOW TO USE","answer":"<p>Use morning and night after cleansing.  Apply with fingertips and press gently onto face, neck and décolleté.  In the morning, follow with SPF, if desired.  For optimal results, use the Hydra+ Deep Hydration Serum before applying the Hydra+ Cream and experience ultimate hydration.<br\/><br\/><strong>HYDRA+ Deep Water Cream Tip:<\/strong><br\/>In a cold or dry climate, use the Deep Water Cream first and once absorbed, then add a layer of the Deep Hydration Serum on top.<\/p>"}},"aefe657d-18ff-4fd3-84f5-ed4c2556f204":{"type":"item","settings":{"title":"INGREDIENT LIST","answer":"<p>Water, Ppg-26-Buteth-26, Peg-40, Hydrogenated Castor Oil, Caprylic\/Capric Glycerides, Cyclopentasiloxane, Isononyl Isononanoate, Zinc Aspartate, Copper Aspartate, Magnesium Aspartate, Manganese Aspartate, Phenoxyethanol, Persea Gratissima Oil, Saccharomyces\/Xylinum\/Black Tea Ferment, Glycerin, Hydroxyethylcellulose, Ryokuso Ekisu, Polyquaternium-51, Phenoxyethanol, Jellyfish Extract, Glycerin, 1,2-Hexanediol, Theobroma Cacao Seed Butter, Glycerin, Hexapeptide-11, Caprylyl Glycol, Pseudoalteromonas Ferment Extract, Sodium Hydroxide, Salicylic Acid, Perfluorodecalin, Propylene Glycol, Glycerin, Simmondsia Chinensis Seed Oil, Peg-75 Shea Butter Glycerides, Glycosphingolipids, Xanthan Gum, Phenoxyethanol, Benzoic Acid, Dehydroacetic Acid, Sodium Polyacrylate, Phenoxyethanol, Ethylhexylglycerin, Butylene Glycol, Lithospermum Officinale Root Extract, Sodium Hyaluronate, Chlorphenesin, Fragrance.<\/p>"}}},"block_order":["e47e36a4-31a9-4d41-8154-fe16c9ca77cd","968b6050-1a96-4c1e-bd72-ea8dc2e449b5","aefe657d-18ff-4fd3-84f5-ed4c2556f204"],"settings":{"title":"","subheading":""}},"related-products":{"type":"related-products","settings":{"related_products_enable":true,"product_recommendations_heading":"You Might Also Like"}},"162828485404de6404":{"type":"instafeed","settings":{"heading_size":20,"feed_width":100,"html_area":""}},"article-template":{"type":"article-template","settings":{}},"162863726741d08eea":{"type":"image-with-text","blocks":{"162863726741d08eea-0":{"type":"gallery_image","settings":{"slide":"shopify:\/\/shop_images\/ingredients-acid.jpg"}},"e5a47ebd-f850-4d22-aa2a-9627fbf1e472":{"type":"gallery_image","settings":{"slide":"shopify:\/\/shop_images\/ingredients-jellyfish.jpg"}},"162863726741d08eea-1":{"type":"gallery_image","disabled":true,"settings":{}}},"block_order":["162863726741d08eea-0","e5a47ebd-f850-4d22-aa2a-9627fbf1e472","162863726741d08eea-1"],"settings":{"show_nav_arrows":true,"color_style":"white","transition":"fade","autoplay":true,"duration":2,"slide_height":"five-fifty-height-hero","slide_image_position":"left","slide_image_width":"med_s12|med_s12","subheading":"","title":"Our Ingredients","content":"<p>Naturally-derived ingredients from the ocean for skin perfecting formulas.<\/p>","cta":"DISCOVER NOW","link":"shopify:\/\/pages\/our-ingredients","button_style":"primary"}},"162863777939844da6":{"type":"custom-html","settings":{"subheading":"","title":"","html":""}},"1628807776246810da":{"type":"list-collections","blocks":{"1628807776246810da-0":{"type":"collection","settings":{"collection":"moisturizers","image":"shopify:\/\/shop_images\/collection-block-moisturizer.jpg","image_position":"center-center","overlay_color":"#4a7eb7","overlay_opacity":10}},"1628807776246810da-1":{"type":"collection","settings":{"collection":"masks","image":"shopify:\/\/shop_images\/collection-block-mask.jpg","image_position":"center-center","overlay_color":"#744b24","overlay_opacity":20}},"1628807776246810da-2":{"type":"collection","settings":{"collection":"serums","image":"shopify:\/\/shop_images\/collection-block-serum.jpg","image_position":"center-center","overlay_color":"#5288ac","overlay_opacity":25}},"1628807776246810da-3":{"type":"collection","disabled":true,"settings":{"collection":"","image_position":"center-center","overlay_color":"#333333","overlay_opacity":0}},"1628807776246810da-4":{"type":"collection","disabled":true,"settings":{"collection":"","image_position":"center-center","overlay_color":"#333333","overlay_opacity":0}}},"block_order":["1628807776246810da-0","1628807776246810da-1","1628807776246810da-2","1628807776246810da-3","1628807776246810da-4"],"settings":{"title":"","text":"","blocks_height":"default-height","coll_text_position":"center","show_description":true,"button_text":"SHOP NOW","button_style":"secondary","text_color":"#ffffff"}},"162881008562c209d3":{"type":"custom-html","settings":{"subheading":"","title":"","html":"<div style=\"margin-top: 50px; margin-bottom: -20px;\">\n<h2>Share your skincare experience<\/h2>\n<\/div>"}},"contact-template":{"type":"contact-template","blocks":{"e88ca1d3-06a2-4d27-83f0-e8b882a859ec":{"type":"spacer","settings":{"line":false}},"4dd8adcb-524b-4de7-94ab-798b629ac1df":{"type":"spacer","settings":{"line":false}},"8d4bc27b-07bf-420f-9738-05f9ba010aed":{"type":"select","settings":{"title":"Nature of inquiry","label-one":"---","label-two":"Products","label-three":"Ordering & Shipping","label-four":"Returns & Refunds","label-five":"Billing & Payment","label-six":"General Inquiry"}},"731d859b-90ad-47a3-9412-e5b6e4b67aab":{"type":"text","settings":{"title":"Full Name"}},"39fe4a13-0458-4f9f-837c-be72c6a35a7b":{"type":"email","settings":{"title":"Email"}},"2196d7de-1643-43c3-aad1-28a2df2551b5":{"type":"telephone","settings":{"title":"Contact number (optional)"}},"5f5fbc02-e214-4a60-b0fb-3b4101b0f694":{"type":"text","settings":{"title":"Order Number (optional)"}},"4d715735-b4c4-4651-80f8-737e1b9b480a":{"type":"body","settings":{"title":"Your Message"}},"b05f53a8-32b2-43a9-8ed8-6ce7ceaaded0":{"type":"checkbox","disabled":true,"settings":{"title":"Checkbox option"}},"d1e9bb3c-dc3d-4955-bbb3-491b0bf1adb4":{"type":"select","disabled":true,"settings":{"title":"Select an option","label-one":"Select option one","label-two":"Select option two","label-three":"Select option three","label-four":"Select option four","label-five":"Select option five","label-six":"Select option six"}}},"block_order":["e88ca1d3-06a2-4d27-83f0-e8b882a859ec","4dd8adcb-524b-4de7-94ab-798b629ac1df","8d4bc27b-07bf-420f-9738-05f9ba010aed","731d859b-90ad-47a3-9412-e5b6e4b67aab","39fe4a13-0458-4f9f-837c-be72c6a35a7b","2196d7de-1643-43c3-aad1-28a2df2551b5","5f5fbc02-e214-4a60-b0fb-3b4101b0f694","4d715735-b4c4-4651-80f8-737e1b9b480a","b05f53a8-32b2-43a9-8ed8-6ce7ceaaded0","d1e9bb3c-dc3d-4955-bbb3-491b0bf1adb4"],"settings":{"show_page_title":false,"image_position":"center-center","banner_height":"big","banner_subheading":"Have questions?","banner_text":"","banner_text_position":"center","banner_color_text":"#ffffff","banner_color_overlay":"#333333","banner_overlay_opacity":0}},"1629226171aec610f0":{"type":"rich-text","settings":{"layout":"default","subheading":"MIRACO BEAUTY","title":"Skincare at the Intersection of Nature, Science and Technology","content":"<p>Our products are developed by professional scientists and skin experts. We are continuously committed to discovering highly effective, natural ingredients and combining them with latest scientific research.<\/p>","button_text":"","button_link":"","button_style":"primary"}},"1629226300c963ea30":{"type":"custom-html","disabled":true,"settings":{"subheading":"","title":"","html":""}},"1629226701dc8bb4b7":{"type":"newsletter","disabled":true,"settings":{"color":"#ffffff","background":"#008dc5","title":"15% OFF WHEN YOU SIGN UP","content":"<p>Join the Miraco Beauty Community & be the first to know about new launches, events and exclusive offers. Plus, we’ll welcome you with 15% off your first purchase!<\/p>"}},"16292422075d896674":{"type":"custom-html","settings":{"subheading":"","title":"","html":""}},"1629317567e405da46":{"type":"custom-html","settings":{"subheading":"","title":"","html":""}},"faq-template":{"type":"faq-template","blocks":{"d548c299-889d-40e8-9566-bb93fe1779b9":{"type":"item","settings":{"title":"What skin types are your products suitable for?","answer":"<p>MIRACO Beauty Skincare is formulated with all skintypes in mind, even sensitive. However, we understand that some people may have allergies to even natural ingredients therefore, we suggest checking our ingredient labels.<\/p>"}},"7ba43305-8952-461b-986e-d8d2dd3d0052":{"type":"item","settings":{"title":"What is Antarcticine and why is it used in your HYDRA+ line?","answer":"<p>Antarcticine® is a marine-rich microorganism with several benefits including natural bioactive properties. Derived from the Antarctic’s extremely cold ocean, it prevents cutaneous dryness and is efficacious against cold weather while protecting the skin. It’s one of our main ingredients used in our line of HYDRA+ products due to its ability to maintain hydration, add moisture and protect the skin.<\/p>"}},"950bf467-0bd4-46e8-a5f4-1e5b50ac789a":{"type":"item","settings":{"title":"Do you test on animals?","answer":"<p>No. Miraco Beauty does not test its formulas on animals. <\/p>"}},"fd58d235-000c-44f1-a828-aa57350c6693":{"type":"item","settings":{"title":"Are your products vegan?","answer":"<p>We carry vegan and non-vegan products. Please see each product page for more information.<\/p>"}},"00fe3ed7-d410-4da0-8cb3-23615035377d":{"type":"item","settings":{"title":"Are MIRACO Beauty’s products gluten-free?","answer":"<p>Our products are gluten-free however may not be manufactured in a gluten-free facility. We recommend doing a patch test with any products before using them.<\/p>"}},"55b0c4b4-8ddc-4ddb-9c63-c023aca91cc4":{"type":"item","settings":{"title":"Where else are MIRACO Beauty’s products sold?","answer":"<p>MIRACO Beauty is sold on our website and authorized medical spas in the USA. Additionally, MIRACO Beauty is also sold on www.miracobeauty.com.hk to service our customers in Hong Kong, Macau and China.<\/p>"}},"97b60784-83ca-4371-a749-f7784daac60e":{"type":"item","settings":{"title":"Can I sell MIRACO Beauty products on my own site?","answer":"<p>No. Your purchase of MIRACO Beauty products are for personal use. By purchasing MIRACO Beauty products, you agree not to resell or distribute such products for any commercial purposes and agree to our terms and conditions. We may reject or cancel an order if we have reason to believe that your order is not for your personal use.<\/p>"}},"a7ef258a-dbdf-436e-9e10-2c4acac0954e":{"type":"item","settings":{"title":"When will my order ship?","answer":"<p>We offer complimentary standard shipping with USPS on orders above $35 + on all orders for 48 states, excluding Hawaii, Puerto Rico, U.S. Virgin Islands, American Samoa and Alaska. Delivery with standard shipping will occur once your order has been processed however we are experiencing shipping delays due to COVID-19. At this time, we can only accept orders that are billed and shipped to locations in the United States.<br\/><br\/>This excludes shipping to P.O. Boxes.<\/p>"}},"320623e9-e660-4cfb-8e52-8ac72d56ca91":{"type":"item","settings":{"title":"Do you accept an order shipping to a P.O. Box?","answer":"<p>No.<\/p>"}},"3d6bad02-7e44-4206-8e36-b60f44c27432":{"type":"item","settings":{"title":"Do you offer international shipping?","answer":"<p>No. At this time, we can only accept orders that are billed and shipped to locations in the United States.<\/p>"}},"b51fa44f-a3b0-41e4-83de-88dd3d3e3b1e":{"type":"item","settings":{"title":"My order shipped but I need to change my address?","answer":"<p>Once your order has shipped, we won’t be able to stop shipment. Please update your account information on our website and email us at payments@miracobeauty.com to verify the new address is updated.<\/p>"}},"04a94824-0442-44f6-b29a-d4489c82a066":{"type":"item","settings":{"title":"How do I cancel my order?","answer":"<p>If you would like to cancel your order, please email us at payments@miracobeauty.com with your order number and information within 24 hours from purchase.  Unfortunately, once the order is shipped we are unable to cancel it.<\/p>"}},"83596bc7-d524-4b9f-8ed3-e0e2460894d8":{"type":"item","settings":{"title":"Can I return or exchange an item?","answer":"<p>If you are not completely satisfied with your MIRACO Beauty purchase, please contact via email at inquiry@miracobeauty.com with your first and last name, order number, and reason for return within 30 days of your purchase. Please click here <a href=\"\/pages\/returns-exchanges\" title=\"RETURNS & EXCHANGES\">Returns and Exchanges Instructions<\/a> for step by step instructions regarding your order. <br\/><br\/>Please note that Miraco Beauty eGift Cards cannot be returned or exchanged.<\/p>"}},"9f730be9-9488-4cee-9650-a0ee51349cf6":{"type":"item","settings":{"title":"Questions or feedback about something else?","answer":"<p>Feel free to email us at inquiry@miracobeauty.com<\/p>"}}},"block_order":["d548c299-889d-40e8-9566-bb93fe1779b9","7ba43305-8952-461b-986e-d8d2dd3d0052","950bf467-0bd4-46e8-a5f4-1e5b50ac789a","fd58d235-000c-44f1-a828-aa57350c6693","00fe3ed7-d410-4da0-8cb3-23615035377d","55b0c4b4-8ddc-4ddb-9c63-c023aca91cc4","97b60784-83ca-4371-a749-f7784daac60e","a7ef258a-dbdf-436e-9e10-2c4acac0954e","320623e9-e660-4cfb-8e52-8ac72d56ca91","3d6bad02-7e44-4206-8e36-b60f44c27432","b51fa44f-a3b0-41e4-83de-88dd3d3e3b1e","04a94824-0442-44f6-b29a-d4489c82a066","83596bc7-d524-4b9f-8ed3-e0e2460894d8","9f730be9-9488-4cee-9650-a0ee51349cf6"],"settings":{"hide_title":false,"title":"","subheading":""}},"header-home":{"type":"header-home","settings":{"header_transparent":true,"header_text_color":"black","logo_transparent":"shopify:\/\/shop_images\/miraco-logo.png","logo":"shopify:\/\/shop_images\/miraco-logo.png","logo_max_width":140,"show_site_name":false,"menu_list":"main-menu","links_position":"links_center","logo_position":"logo_left","meganav_image":"shopify:\/\/shop_images\/towels-bath-towels-bathroom-45980.jpg","image_aspect_ratio":0.7,"meganav_image_heading":"","meganav_image_link":"shopify:\/\/collections\/all"}},"16376910281bfa7a4d":{"type":"icons-row","disabled":true,"blocks":{"16376910281bfa7a4d-0":{"type":"text","settings":{"icon_name":"shop","title":"Feature","content":"Modular is a powerful Shopify theme that will set you apart from the rest with Mosaic, Image with text, and Slideshow sections."}},"16376910281bfa7a4d-1":{"type":"text","settings":{"icon_name":"shop","title":"Feature","content":"Modular is a powerful Shopify theme that will set you apart from the rest with Mosaic, Image with text, and Slideshow sections."}},"16376910281bfa7a4d-2":{"type":"text","settings":{"icon_name":"shop","title":"Feature","content":"Modular is a powerful Shopify theme that will set you apart from the rest with Mosaic, Image with text, and Slideshow sections."}},"2d94e57a-7e48-477d-acb1-1cf1d99cb300":{"type":"text","settings":{"icon_name":"wallet","title":"","content":"Modular is a powerful Shopify theme that will set you apart from the rest with Mosaic, Image with text, and Slideshow sections."}}},"block_order":["16376910281bfa7a4d-0","16376910281bfa7a4d-1","16376910281bfa7a4d-2","2d94e57a-7e48-477d-acb1-1cf1d99cb300"],"settings":{"alignment":"center","color_icons_bg":"#fafafa","color_icons_text":"#333333"}},"ingredient-template":{"type":"ingredient-template","blocks":{"67073afc-a36b-4b3b-8ef0-9da00be67da7":{"type":"banner","settings":{"image":"shopify:\/\/shop_images\/ingredient-page.jpg","image_position":"center-center","height":"normal","subheading":"","title":"OUR INGREDIENTS","text":"","text_position":"center","color_text":"#ffffff","color_overlay":"#333333","overlay_opacity":0,"button_text":"","button_link":"","button_style":"primary"}},"a6e919e5-c908-4223-baa0-1f783ee73ae9":{"type":"rich-text","settings":{"layout":"default","subheading":"","title":"Discover our Glowing Skin Products with Ocean Powered Ingredients.","content":"<p>The ocean, the origin of life on earth, is full of countless riches and virtues for the skin. The organisms that grow in the deep blue sea can withstand cold temperatures and extreme environments, which are vital to skin health against environmental stressors. <\/p>","button_text":"","button_link":"","button_style":"primary"}},"7ab3283e-92da-4f96-8920-3fdf90e48801":{"type":"product-feature","settings":{"title":"Antarcticine®","description":"<p>A Spanish expedition team from Antarctica conducted a study of glaciers in Antarctica and found that there are microorganisms that can survive harsh environments at –50°C. After analysis, they found a new species of bacteria \"Pseudoalteromonas Antarctica NF3\". It has many benefits including:<br\/><\/p><p>- Highly effective in skin healing<br\/>- Increase collagen level by 66% in 7 days and 114% in 15 days<br\/>- Increase elastin level by 7% in 7 days and 17% by 15 days<br\/>- Effectively reduce skin wrinkles<\/p>","image":"shopify:\/\/shop_images\/Antarcticine_4059952b-54b1-418c-ae39-22437fbccdc5.jpg","image_aspect_ratio":0.8,"image_link":"","button_text":"","button_link":"","button_style":"primary","blocks_alignment":"center","reverse_layout":false}},"7b147083-1b98-480f-80c0-46df439669af":{"type":"product-feature","settings":{"title":"Jellyfish Extract","description":"<p>Jellyfish have high levels of collagen as they are built up of water, proteins (one of which is collagen) and glycoproteins (a molecule built from protein and saccharide). The molecules produced by Jellyfish are not only beneficial to maintaining the condition of skin but also can give out hydrating benefits:<br\/><\/p><p>- Long-lasting moisturising effect<br\/>- Easy to to absorbed by skin with its small molecule structure<br\/>- Restore skin elasticity<br\/>- Fast skin repairing and regeneration<br\/>- Smooth fine lines<\/p>","image":"shopify:\/\/shop_images\/ingredients-jellyfish_a643e408-58e8-438b-9456-446308fc3f42.jpg","image_aspect_ratio":0.9,"image_link":"","button_text":"","button_link":"","button_style":"primary","blocks_alignment":"center","reverse_layout":true}},"8dd351a2-a270-430b-8e65-aef62bc7dbec":{"type":"product-feature","settings":{"title":"Hyaluronic Acid","description":"<p>Hyaluronic acid is a sugar molecule that occurs naturally in the skin, and it helps to bind water to collagen, trapping it in the skin, so that skin can appear plumper, dewier, and more hydrated.<\/p>","image":"shopify:\/\/shop_images\/ingredients-acid_3b25b464-fa81-4d7f-bf68-d7ddb76ad43b.jpg","image_aspect_ratio":0.9,"image_link":"","button_text":"","button_link":"","button_style":"primary","blocks_alignment":"center","reverse_layout":false}},"3c25adcf-8b7f-4f9b-bdac-01e8689b5eb2":{"type":"product-feature","settings":{"title":"Cladosiphon Novae-Caledoniae Extract","description":"<p>It can form a protective film for your skin, thereby preventing your skin from dehyration, with moisturizing, repairing and anti-allergy effects.<\/p>","image":"shopify:\/\/shop_images\/ingredients-algaes.jpg","image_aspect_ratio":0.9,"image_link":"","button_text":"","button_link":"","button_style":"primary","blocks_alignment":"center","reverse_layout":true}},"c6450a2b-9008-4327-87a0-95100b97a47a":{"type":"product-feature","settings":{"title":"Collagen","description":"<p>Collagen is a major component of your skin and the most abundant protein in your body. It strengthens skin and increase skin elasticity and hydration level, which smooths and reduces the appearances of wrinkles.<\/p>","image":"shopify:\/\/shop_images\/ingredients-collagen.jpg","image_aspect_ratio":0.9,"image_link":"","button_text":"","button_link":"","button_style":"primary","blocks_alignment":"center","reverse_layout":false}},"4c7dbe23-37e4-4dee-8a26-a694a5c9de5a":{"type":"product-feature","settings":{"title":"Alteromonas Ferment Extract","description":"<p>It is a microbial extracellular polysaccharide from the French Polynesian Islands in the eastern South Pacific.<br\/><\/p><p>It has natural anti-inflammatory properties so helps improve rosacea, minimizes the sensitivity of skin, and soothes the skin. It also improves hydration of the skin and makes skin supple. It also rejuvenates the skin cells.<\/p>","image":"shopify:\/\/shop_images\/ingredients-island.jpg","image_aspect_ratio":0.9,"image_link":"","button_text":"","button_link":"","button_style":"primary","blocks_alignment":"center","reverse_layout":true}}},"block_order":["67073afc-a36b-4b3b-8ef0-9da00be67da7","a6e919e5-c908-4223-baa0-1f783ee73ae9","7ab3283e-92da-4f96-8920-3fdf90e48801","7b147083-1b98-480f-80c0-46df439669af","8dd351a2-a270-430b-8e65-aef62bc7dbec","3c25adcf-8b7f-4f9b-bdac-01e8689b5eb2","c6450a2b-9008-4327-87a0-95100b97a47a","4c7dbe23-37e4-4dee-8a26-a694a5c9de5a"],"settings":{"show_page_title":false}},"slideshow-ingredients":{"type":"slideshow-ingredients","blocks":{"8b6ec692-37bd-4067-b00f-f7571dc54e23":{"type":"image","settings":{"image":"shopify:\/\/shop_images\/hydra-group_bec5441c-ae58-4633-8cc6-f6bf637276b4.jpg","image_position":"center-center","alignment":"center","color_style":"white","subheading":"","title":"Miraco Beauty Collections","text":"<p>Pamper your skin with the most magical Ocean power<\/p>","cta":"SHOP NOW","link":"shopify:\/\/collections\/all-products","cta_primary_btn_style":"primary","cta_2":"","link_2":"","cta_secondary_btn_style":"primary","overlay_color":"#4a7eb7","overlay_opacity":40}}},"block_order":["8b6ec692-37bd-4067-b00f-f7571dc54e23"],"settings":{"show_nav_arrows":false,"show_arrow_down":false,"autoplay":false,"duration":4,"transition":"slide","dots_position":"center","slide_height":"four-fifty-height-hero","button_size":"normal"}},"icons-row":{"type":"icons-row","blocks":{"925ca19d-d819-46e5-bf18-c30390ea71d6":{"type":"text","settings":{"icon_name":"shop","icon_image":"shopify:\/\/shop_images\/cruelty_free_cb4b5fe1-e234-4c9f-9518-63469aa6f76a.png","title":"Not Tested on Animals","content":""}},"09f6cf2f-0a6e-49bd-a43a-245e7271d040":{"type":"text","settings":{"icon_name":"shop","icon_image":"shopify:\/\/shop_images\/no_mineral_oil.png","title":"No Mineral Oil","content":""}},"1d1fcf8c-e86e-4df0-9a1d-f08d053309aa":{"type":"text","settings":{"icon_name":"shop","icon_image":"shopify:\/\/shop_images\/ppf.png","title":"Parabens, and Phthalate Free","content":""}},"47e056a8-0dfe-4c89-80f3-31ee664ba8e8":{"type":"text","settings":{"icon_name":"shop","icon_image":"shopify:\/\/shop_images\/all-skin.png","title":"All Skin Type","content":""}}},"block_order":["925ca19d-d819-46e5-bf18-c30390ea71d6","09f6cf2f-0a6e-49bd-a43a-245e7271d040","1d1fcf8c-e86e-4df0-9a1d-f08d053309aa","47e056a8-0dfe-4c89-80f3-31ee664ba8e8"],"settings":{"alignment":"center","color_icons_bg":"#4a7eb7","color_icons_text":"#ffffff"}},"faq-section":{"type":"faq-section","blocks":{"fe2071db-5953-4b57-9efd-248413c8845b":{"type":"item","settings":{"title":"Benefit","answer":"<p>Use this answer block to discuss some commonly asked questions you've discovered from your customers interactions. You could discuss product details, size fit, shipping policies, or anything you think would help merchants make an informed decision about your product or collection. This section will appear across all products.<\/p>"}},"c7236041-f492-4655-86b2-7e5ae2eb1a52":{"type":"item","settings":{"title":"How to Use","answer":"<p>Use this answer block to discuss some commonly asked questions you've discovered from your customers interactions. You could discuss product details, size fit, shipping policies, or anything you think would help merchants make an informed decision about your product or collection. This section will appear across all products.<\/p>"}}},"block_order":["fe2071db-5953-4b57-9efd-248413c8845b","c7236041-f492-4655-86b2-7e5ae2eb1a52"],"settings":{"title":"","subheading":""}},"1652376609cedd6eb1":{"type":"split-hero","disabled":true,"settings":{"image_height":"one-hundred-height-hero","image_desktop_left":"shopify:\/\/shop_images\/CN8A9564-Edit.jpg","image_left_position":"center-center","image_desktop_right":"shopify:\/\/shop_images\/CN8A3656.jpg","image_right_position":"center-center","content_alignment":"right","color_style":"white","subheading":"","title":"Glowing in summertime, anytime","text":"<p>Get ready for the summer with Hypra+ Deep Water Cream. This multi-tasking moisturizer contains marine-rich ingredients, vitamins and nutrients to treat dehydrated skin, smooths lines and wrinkles.<\/p>","cta":"SHOP NOW","link":"shopify:\/\/products\/hydra-deep-water-cream","cta_2":"","link_2":"","overlay_color":"#333333","overlay_opacity":20,"button_size":"normal","button_primary_style":"primary","button_secondary_style":"secondary"}},"1654883260d643d88e":{"type":"split-hero","disabled":true,"settings":{"image_height":"one-hundred-height-hero","image_desktop_left":"shopify:\/\/shop_images\/CN8A7380.jpg","image_left_position":"center-center","image_desktop_right":"shopify:\/\/shop_images\/mask-on-table.jpg","image_right_position":"center-center","content_alignment":"right","color_style":"white","subheading":"","title":"The Ultimate self-care is skin care","text":"<p>Stay hydrated with our Hydra+ Deep Hydration Sheet Mask which delivers continous hydration to skin cells.<\/p>","cta":"SHOP NOW","link":"shopify:\/\/products\/hydra-deep-hydration-sheet-mask-3-pc","cta_2":"","link_2":"","overlay_color":"#333333","overlay_opacity":15,"button_size":"normal","button_primary_style":"primary","button_secondary_style":"secondary"}},"16575778204aebacbe":{"type":"slideshow-ingredients","blocks":{"16575778204aebacbe-0":{"type":"image","settings":{"image":"shopify:\/\/shop_images\/annoucement_8353af46-e146-4876-99c1-98f1284bd157.png","image_position":"center-center","alignment":"bottom-right","color_style":"white","subheading":"Announcement","title":"NOW AVAILABLE ON AMAZON","text":"<p>Guess what? You can now shop Miraco Beauty on Amazon! Prime members can also enjoy free 2-day shipping.<\/p>","cta":"Shop on Amazon","link":"https:\/\/www.amazon.com\/stores\/MiracoBeauty\/page\/D006D3C5-2AE8-4F50-A7C8-50BAB323A742?ref_=ast_bln","cta_primary_btn_style":"secondary","cta_2":"","link_2":"https:\/\/www.amazon.com\/stores\/MiracoBeauty\/page\/D006D3C5-2AE8-4F50-A7C8-50BAB323A742?ref_=ast_bln","cta_secondary_btn_style":"secondary","overlay_color":"#008dc5","overlay_opacity":0}}},"block_order":["16575778204aebacbe-0"],"settings":{"show_nav_arrows":false,"show_arrow_down":false,"autoplay":false,"duration":4,"transition":"slide","dots_position":"center","slide_height":"four-fifty-height-hero","button_size":"normal"}},"165790208453c3f0df":{"type":"custom-html","settings":{"subheading":"","title":"","html":""}},"16579024925dbad8e0":{"type":"slideshow","disabled":true,"blocks":{"16579024925dbad8e0-0":{"type":"image","settings":{"image_position":"center-center","alignment":"center","color_style":"black","subheading":"MIRACO BEAUTY","title":"Skincare at the Intersection of Nature, Science and Technology","text":"<p>Our products are developed by professional scientists and skin experts. We are continuously committed to discovering highly effective, natural ingredients and combining them with latest scientific research.<\/p>","cta":"","link":"shopify:\/\/collections\/all","cta_primary_btn_style":"primary","cta_2":"","link_2":"","cta_secondary_btn_style":"secondary","overlay_color":"#ffffff","overlay_opacity":95}},"16579024925dbad8e0-1":{"type":"image","disabled":true,"settings":{"image_position":"center-center","alignment":"center","color_style":"white","subheading":"","title":"Welcome to Modular","text":"<p>A unique layout with a striking design<\/p>","cta":"Shop Now","link":"shopify:\/\/collections\/all","cta_primary_btn_style":"primary","cta_2":"","link_2":"","cta_secondary_btn_style":"secondary","overlay_color":"#333333","overlay_opacity":0}}},"block_order":["16579024925dbad8e0-0","16579024925dbad8e0-1"],"settings":{"show_nav_arrows":false,"show_arrow_down":false,"autoplay":false,"duration":2,"transition":"slide","dots_position":"center","slide_height":"four-fifty-height-hero","button_size":"normal"}}},"content_for_index":["1652376609cedd6eb1","slideshow","1654883260d643d88e","1629226300c963ea30","featured-collection","16575778204aebacbe","list-collections","image-with-text","1628807776246810da","1629317567e405da46","16579024925dbad8e0","1629226171aec610f0","162863777939844da6","162863726741d08eea","16292422075d896674","1629226701dc8bb4b7","featured-blog","162881008562c209d3","162828485404de6404","16376910281bfa7a4d","165790208453c3f0df"]},"presets":{"Chelsea":{"color_heading_new":"#000000","color_text_new":"#000000","color_error_new":"#d02e2e","color_border_new":"#000000","color_background_new":"#ffffff","color_button_primary_bg":"#8dcbe9","color_button_secondary_bg":"#ffffff","color_badge_bg":"#8dcbe9","type_heading_font":"nunito_n4","type_heading_letter_spacing":0,"base_font_size":14,"type_base_font":"nunito_sans_n4","body_font_size":14,"type_base_letter_spacing":0,"transition_grid_items":true,"transition_images_fade":true,"transition_collections_list":true,"show_search":true,"image_aspect_ratio":1,"image_size":"cover","show_quick_view":true,"show_quick_view_description":true,"show_quantity":true,"hover_image":false,"enable_payment_button":true,"enable_color_swatches":true,"color_swatches_style":"circle","products_rows":4,"products_columns":4,"enable_video_looping":false,"enable_ajax_cart":true,"enable_cart_order_notes":false,"show_continue_shopping":true,"tax_text":"Excluding taxes and shipping","show_breadcrumbs":true,"show_reviews":false,"enable_yotpo":false,"yotpo_ID":"","favicon":"","twitter_url":"","facebook_url":"","pinterest_url":"","instagram_url":"","tumblr_url":"","youtube_url":"","rss_url":"","share_on_twitter":true,"share_on_facebook":true,"share_on_pinterest":true,"checkout_header_image":"","checkout_logo_image":"","checkout_logo_position":"left","checkout_logo_size":"medium","checkout_body_background_image":"","checkout_body_background_color":"#ffffff","checkout_input_background_color_mode":"white","checkout_sidebar_background_image":"","checkout_sidebar_background_color":"#fafafa","checkout_heading_font":"-apple-system, BlinkMacSystemFont, 'Segoe UI', Roboto, Helvetica, Arial, sans-serif, 'Apple Color Emoji', 'Segoe UI Emoji', 'Segoe UI Symbol'","checkout_body_font":"-apple-system, BlinkMacSystemFont, 'Segoe UI', Roboto, Helvetica, Arial, sans-serif, 'Apple Color Emoji', 'Segoe UI Emoji', 'Segoe UI Symbol'","checkout_accent_color":"#197bbd","checkout_button_color":"#197bbd","checkout_error_color":"#e32c2b","twitter_via":"","sections":{"announcement":{"type":"announcement","settings":{"show_announcement":true,"show_announcement_on_mobile":true,"text":"<p>Broadcast sales, promos, or other offerings here<\/p>","link":"","color_bg":"#8dcbe9","color_text":"#000000"}},"popup":{"type":"popup","settings":{"show_popup":"disabled","popup_position":"left","popup_header":"Use the popup to catch emails and showcase promotions","popup_content":"<p>Popups can detract from a user's experience, so try to limit how often they appear.<\/p>","text_alignment":"left","show_popup_newsletter":true,"popup_delay":5,"popup_reappear_time":"7","popup_image":""}},"header":{"type":"header","settings":{"header_transparent":true,"header_text_color":"white","logo":"","logo_max_width":100,"show_site_name":true,"menu_list":"main-menu","links_position":"links_center","logo_position":"logo_left","meganav_image":"","image_aspect_ratio":1,"meganav_image_heading":"","meganav_image_link":""}},"footer":{"type":"footer","blocks":{"footer-block-menu":{"type":"menu","settings":{"menu":"footer","title":"Helpful Links","mobile_hide_block":true}},"footer-block-text":{"type":"text","settings":{"title":"Information","text":"<p>This text block is a great place to discuss shipping policies, or terms and conditions info.<\/p>","mobile_hide_block":false}},"footer-block-newsletter":{"type":"newsletter","settings":{"title":"Newsletter","content":"","mobile_hide_block":false}}},"block_order":["footer-block-menu","footer-block-text","footer-block-newsletter"],"settings":{"show_payment_icons":true,"show_social_icons":true,"menu":"","show_locale_selector":true,"show_currency_selector":true}},"product-template":{"type":"product-template","settings":{"product_layout":"slideshow","image_size":"large","add_cart_position":"top","lightbox":true,"show_vendor":true,"show_quantity":false,"show_cart_bar":true,"enable_payment_button":true,"show_newsletter":true,"text_newsletter":"<p>Notify me when this product is available:<\/p>","page_tab_1":"","page_tab_2":"","page_tab_3":"","product_slideshow_dots":false,"product_slideshow_arrows":false,"enable_video_looping":false}},"list-collections-page-template":{"type":"list-collections-page-template","settings":{"show_description":true,"collections_columns":2,"coll_text_position":"center","button_text":"Shop Now","text_color":"#ffffff","overlay_color":"#333333","overlay_opacity":0}},"blog-template":{"type":"blog-template","settings":{"show_blog_name":false,"show_rss":false,"show_featured_post":true,"tags":true,"author":true,"date":true,"show_comments":true,"article_rows":4,"article_columns":4}},"collection-template":{"type":"collection-template","settings":{"show_sort_filter":true,"filter_mode":"tag","position_filters":"left","show_banner":true,"banner_height":"normal","banner_text_position":"center","banner_color_text":"#ffffff","banner_color_overlay":"#333333","banner_overlay_opacity":0,"featured_image":"","featured_heading":"Use this image showcase promotional content.","featured_text":"<p>Elaborate on it with rich text<\/p>","featured_button_text":"Learn More","featured_button_link":"","featured_button_style":"primary","featured_color_text":"#ffffff","featured_color_overlay":"#333333","featured_overlay_opacity":0}},"slideshow":{"type":"slideshow","blocks":{"slideshow-0":{"type":"image","settings":{"image":"","image_mobile":"","image_position":"center-center","alignment":"center","color_style":"white","subheading":"","title":"Welcome to Modular","text":"<p>A unique layout with a striking design<\/p>","cta":"Learn More","link":"","cta_primary_btn_style":"primary","cta_2":"","link_2":"","cta_secondary_btn_style":"secondary","overlay_color":"#333333","overlay_opacity":0}},"slideshow-1":{"type":"image","settings":{"image":"","image_mobile":"","image_position":"center-center","alignment":"center","color_style":"white","subheading":"","title":"Welcome to Modular","text":"<p>A unique layout with a striking design<\/p>","cta":"Learn More","link":"","cta_primary_btn_style":"primary","cta_2":"","link_2":"","cta_secondary_btn_style":"secondary","overlay_color":"#333333","overlay_opacity":0}}},"block_order":["slideshow-0","slideshow-1"],"settings":{"show_nav_arrows":true,"show_arrow_down":false,"autoplay":true,"duration":4,"transition":"zoom-out","dots_position":"center","slide_height":"five-fifty-height-hero","button_size":"normal"}},"rich-text":{"type":"rich-text","settings":{"layout":"split","subheading":"Humble Beginnings","title":"Modular is a powerful Shopify theme that will set you apart from the rest.","content":"<p>It features ample space to showcase your imagery with Mosaic, Image with text, and Slideshow sections ... and even this Rich Text section itself.<\/p>","button_text":"Learn More","button_link":"","button_style":"primary"}},"image-with-text":{"type":"image-with-text","blocks":{"image-with-text-0":{"type":"gallery_image","settings":{"slide":""}},"image-with-text-1":{"type":"gallery_image","settings":{"slide":""}}},"block_order":["image-with-text-0","image-with-text-1"],"settings":{"show_nav_arrows":true,"color_style":"white","transition":"fade","autoplay":true,"duration":4,"slide_height":"five-fifty-height-hero","slide_image_position":"left","slide_image_width":"med_s12|med_s12","subheading":"Humble Beginnings","title":"Tell a Story","content":"<p>By showcasing a product, collection, or your brand.<\/p>","cta":"Shop Now","link":"","button_style":"primary"}},"featured-collection":{"type":"featured-collection","settings":{"title":"","featured_collection":"frontpage","products_layout":"grid","show_button":true,"button_style":"primary","color_style":"white"}},"list-collections":{"type":"list-collections","blocks":{"list-collections-0":{"type":"collection","settings":{"collection":"","image":""}},"list-collections-1":{"type":"collection","settings":{"collection":"","image":""}},"list-collections-2":{"type":"collection","settings":{"collection":"","image":""}},"list-collections-3":{"type":"collection","settings":{"collection":"","image":""}},"list-collections-4":{"type":"collection","settings":{"collection":"","image":""}}},"block_order":["list-collections-0","list-collections-1","list-collections-2","list-collections-3","list-collections-4"],"settings":{"title":"","text":"","blocks_height":"default-height","coll_text_position":"bottom_left","show_description":true,"text_color":"#ffffff"}},"testimonials":{"type":"testimonials","blocks":{"testimonials-0":{"type":"testimonial","settings":{"blockquote":"Use this testimonial as an opportunity for your most valued customer to discuss your brand and what sets you apart from the competition. This section looks best when limited to two or three lines!","author":"John Doe"}},"testimonials-1":{"type":"testimonial","settings":{"blockquote":"Use this testimonial as an opportunity for your most valued customer to discuss your brand and what sets you apart from the competition. This section looks best when limited to two or three lines!","author":"John Doe"}},"testimonials-2":{"type":"testimonial","settings":{"blockquote":"Use this testimonial as an opportunity for your most valued customer to discuss your brand and what sets you apart from the competition. This section looks best when limited to two or three lines!","author":"John Doe"}}},"block_order":["testimonials-0","testimonials-1","testimonials-2"],"settings":{"title":"","title_position":"center","blocks_text_align":"justify","hide_quotes":false,"columns":3}},"featured-blog":{"type":"featured-blog","settings":{"blog":"news","heading":"","text":"","cta":"Read More","button_style":"primary","tags":true,"author":true,"date":true,"show_comments":true,"image_aspect_ratio":1,"article_rows":1,"article_columns":3}},"logo-list":{"type":"logo-list","blocks":{"logo-list-0":{"type":"item_logo","settings":{"logo_image":"","logo_url":""}},"logo-list-1":{"type":"item_logo","settings":{"logo_image":"","logo_url":""}},"logo-list-2":{"type":"item_logo","settings":{"logo_image":"","logo_url":""}},"logo-list-3":{"type":"item_logo","settings":{"logo_image":"","logo_url":""}},"logo-list-4":{"type":"item_logo","settings":{"logo_image":"","logo_url":""}}},"block_order":["logo-list-0","logo-list-1","logo-list-2","logo-list-3","logo-list-4"],"settings":{"color_logos_bg":""}},"newsletter":{"type":"newsletter","settings":{"color":"#333","background":"#ffffff","title":"Newsletter","content":"<p>Let's keep in touch<\/p>"}}},"content_for_index":["slideshow","rich-text","image-with-text","featured-collection","list-collections","testimonials","featured-blog","logo-list","newsletter"]},"Mayfair":{"color_heading_new":"#2e3234","color_text_new":"#222222","color_error_new":"#e35252","color_border_new":"#e4e4e4","color_background_new":"#ffffff","color_button_primary_bg":"#ffffff","color_button_secondary_bg":"#000000","color_badge_bg":"#2e3234","type_heading_font":"harmonia_sans_n7","type_heading_letter_spacing":0,"base_font_size":14,"type_base_font":"rubik_n4","body_font_size":14,"type_base_letter_spacing":0,"transition_grid_items":true,"transition_images_fade":true,"transition_collections_list":true,"show_search":true,"image_aspect_ratio":1.0,"image_size":"cover","show_quick_view":true,"show_quick_view_description":true,"show_quantity":true,"hover_image":false,"enable_payment_button":true,"enable_color_swatches":true,"color_swatches_style":"circle","products_rows":4,"products_columns":4,"enable_video_looping":false,"enable_ajax_cart":true,"enable_cart_order_notes":false,"show_continue_shopping":true,"tax_text":"Excluding taxes and shipping","show_breadcrumbs":true,"show_reviews":false,"enable_yotpo":false,"yotpo_ID":"","favicon":"","twitter_url":"","facebook_url":"","pinterest_url":"","instagram_url":"","tumblr_url":"","youtube_url":"","rss_url":"","share_on_twitter":true,"share_on_facebook":true,"share_on_pinterest":true,"checkout_header_image":"","checkout_logo_image":"","checkout_logo_position":"left","checkout_logo_size":"medium","checkout_body_background_image":"","checkout_body_background_color":"#ffffff","checkout_input_background_color_mode":"white","checkout_sidebar_background_image":"","checkout_sidebar_background_color":"#fafafa","checkout_heading_font":"-apple-system, BlinkMacSystemFont, 'Segoe UI', Roboto, Helvetica, Arial, sans-serif, 'Apple Color Emoji', 'Segoe UI Emoji', 'Segoe UI Symbol'","checkout_body_font":"-apple-system, BlinkMacSystemFont, 'Segoe UI', Roboto, Helvetica, Arial, sans-serif, 'Apple Color Emoji', 'Segoe UI Emoji', 'Segoe UI Symbol'","checkout_accent_color":"#197bbd","checkout_button_color":"#197bbd","checkout_error_color":"#e32c2b","twitter_via":"","sections":{"announcement":{"type":"announcement","settings":{"show_announcement":true,"show_announcement_on_mobile":true,"text":"<p>Free Shipping on Orders over $100<\/p>","link":"","color_bg":"#ffffff","color_text":"#000000"}},"popup":{"type":"popup","settings":{"show_popup":"disabled","popup_position":"right","popup_header":"Use the popup to catch emails and showcase promotions","popup_content":"<p>Popups can detract from a user's experience, so try to limit how often they appear.<\/p>","text_alignment":"center","show_popup_newsletter":true,"popup_delay":5,"popup_reappear_time":"7","popup_image":""}},"header":{"type":"header","settings":{"header_transparent":true,"header_text_color":"white","logo":"","logo_max_width":100,"show_site_name":true,"menu_list":"main-menu","links_position":"links_left","logo_position":"logo_center","meganav_image":"","image_aspect_ratio":1,"meganav_image_heading":"","meganav_image_link":""}},"footer":{"type":"footer","blocks":{"footer-block-menu":{"type":"menu","settings":{"menu":"footer","title":"Helpful Links","mobile_hide_block":true}},"footer-block-text":{"type":"text","settings":{"title":"Information","text":"<p>This text block is a great place to discuss shipping policies, or terms and conditions info.<\/p>","mobile_hide_block":false}},"footer-block-newsletter":{"type":"newsletter","settings":{"title":"Newsletter","content":"","mobile_hide_block":false}}},"block_order":["footer-block-menu","footer-block-text","footer-block-newsletter"],"settings":{"show_payment_icons":true,"show_social_icons":true,"menu":"","show_locale_selector":true,"show_currency_selector":true}},"product-template":{"type":"product-template","settings":{"product_layout":"slideshow","image_size":"medium","add_cart_position":"top","lightbox":true,"show_vendor":false,"show_quantity":true,"show_cart_bar":true,"enable_payment_button":true,"show_newsletter":true,"text_newsletter":"<p>Notify me when this product is available:<\/p>","page_tab_1":"","page_tab_2":"","page_tab_3":"","product_slideshow_dots":false,"product_slideshow_arrows":false,"enable_video_looping":false}},"list-collections-page-template":{"type":"list-collections-page-template","settings":{"show_description":true,"collections_columns":2,"coll_text_position":"center","button_text":"View Products","text_color":"#ffffff","overlay_color":"#222222","overlay_opacity":10}},"blog-template":{"type":"blog-template","settings":{"show_blog_name":false,"show_rss":false,"show_featured_post":true,"tags":true,"author":true,"date":true,"show_comments":true,"article_rows":4,"article_columns":4}},"collection-template":{"type":"collection-template","settings":{"show_sort_filter":true,"filter_mode":"tag","position_filters":"left","show_banner":true,"banner_height":"normal","banner_text_position":"bottom-left","banner_color_text":"#ffffff","banner_color_overlay":"#222222","banner_overlay_opacity":10,"featured_image":"","featured_heading":"Use this image showcase promotional content.","featured_text":"<p>Elaborate on it with rich text<\/p>","featured_button_text":"Learn More","featured_button_link":"","featured_button_style":"primary","featured_color_text":"#ffffff","featured_color_overlay":"#222222","featured_overlay_opacity":10}},"slideshow":{"type":"slideshow","blocks":{"slideshow-0":{"type":"image","settings":{"image":"","image_mobile":"","image_position":"center-center","alignment":"bottom-left","color_style":"white","subheading":"","title":"Welcome to Modular","text":"<p>A unique layout with a striking design<\/p>","cta":"Learn More","link":"","cta_primary_btn_style":"secondary","cta_2":"Shop Now","link_2":"","cta_secondary_btn_style":"secondary","overlay_color":"#222222","overlay_opacity":10}},"slideshow-1":{"type":"image","settings":{"image":"","image_mobile":"","image_position":"center-center","alignment":"center","color_style":"white","subheading":"","title":"Welcome to Modular","text":"<p>A unique layout with a striking design<\/p>","cta":"Learn More","link":"","cta_primary_btn_style":"primary","cta_2":"Shop Now","link_2":"","cta_secondary_btn_style":"secondary","overlay_color":"#222222","overlay_opacity":10}}},"block_order":["slideshow-0","slideshow-1"],"settings":{"show_nav_arrows":true,"show_arrow_down":false,"autoplay":true,"duration":4,"transition":"fade","dots_position":"center","slide_height":"one-hundred-height-hero","button_size":"normal"}},"rich-text":{"type":"rich-text","settings":{"layout":"split","subheading":"Humble Beginnings","title":"Modular is a powerful Shopify theme that will set you apart from the rest.","content":"<p>It features ample space to showcase your imagery with Mosaic, Image with text, and Slideshow sections ... and even this Rich Text section itself.<\/p>","button_text":"Learn More","button_link":"","button_style":"primary"}},"image-with-text":{"type":"image-with-text","blocks":{"image-with-text-0":{"type":"gallery_image","settings":{"slide":""}},"image-with-text-1":{"type":"gallery_image","settings":{"slide":""}}},"block_order":["image-with-text-0","image-with-text-1"],"settings":{"show_nav_arrows":true,"color_style":"white","transition":"fade","autoplay":true,"duration":4,"slide_height":"five-fifty-height-hero","slide_image_position":"left","slide_image_width":"med_s12|med_s12","subheading":"Humble Beginnings","title":"Tell a Story","content":"<p>By showcasing a product, collection, or your brand.<\/p>","cta":"Shop Now","link":"","button_style":"primary"}},"featured-collection":{"type":"featured-collection","settings":{"title":"","featured_collection":"frontpage","products_layout":"carousel","show_button":true,"button_style":"primary","color_style":"black"}},"list-collections":{"type":"list-collections","blocks":{"list-collections-0":{"type":"collection","settings":{"collection":"","image":""}},"list-collections-1":{"type":"collection","settings":{"collection":"","image":""}},"list-collections-2":{"type":"collection","settings":{"collection":"","image":""}},"list-collections-3":{"type":"collection","settings":{"collection":"","image":""}},"list-collections-4":{"type":"collection","settings":{"collection":"","image":""}}},"block_order":["list-collections-0","list-collections-1","list-collections-2","list-collections-3","list-collections-4"],"settings":{"title":"","text":"","blocks_height":"default-height","coll_text_position":"bottom_left","show_description":true,"text_color":"#ffffff"}},"testimonials":{"type":"testimonials","blocks":{"testimonials-0":{"type":"testimonial","settings":{"blockquote":"Use this testimonial as an opportunity for your most valued customer to discuss your brand and what sets you apart from the competition. This section looks best when limited to two or three lines!","author":"John Doe"}},"testimonials-1":{"type":"testimonial","settings":{"blockquote":"Use this testimonial as an opportunity for your most valued customer to discuss your brand and what sets you apart from the competition. This section looks best when limited to two or three lines!","author":"John Doe"}},"testimonials-2":{"type":"testimonial","settings":{"blockquote":"Use this testimonial as an opportunity for your most valued customer to discuss your brand and what sets you apart from the competition. This section looks best when limited to two or three lines!","author":"John Doe"}}},"block_order":["testimonials-0","testimonials-1","testimonials-2"],"settings":{"title":"","title_position":"left","blocks_text_align":"justify","hide_quotes":false,"columns":3}},"featured-blog":{"type":"featured-blog","settings":{"blog":"news","heading":"","text":"","cta":"Read More","button_style":"primary","tags":true,"author":true,"date":true,"show_comments":true,"image_aspect_ratio":1,"article_rows":1,"article_columns":3}},"logo-list":{"type":"logo-list","blocks":{"logo-list-0":{"type":"item_logo","settings":{"logo_image":"","logo_url":""}},"logo-list-1":{"type":"item_logo","settings":{"logo_image":"","logo_url":""}},"logo-list-2":{"type":"item_logo","settings":{"logo_image":"","logo_url":""}},"logo-list-3":{"type":"item_logo","settings":{"logo_image":"","logo_url":""}},"logo-list-4":{"type":"item_logo","settings":{"logo_image":"","logo_url":""}}},"block_order":["logo-list-0","logo-list-1","logo-list-2","logo-list-3","logo-list-4"],"settings":{"color_logos_bg":""}},"newsletter":{"type":"newsletter","settings":{"color":"#222222","background":"#ffffff","title":"Newsletter","content":"<p>Let's keep in touch<\/p>"}}},"content_for_index":["slideshow","rich-text","image-with-text","featured-collection","testimonials","featured-blog","logo-list","newsletter"]},"Hoxton":{"color_heading_new":"#000000","color_text_new":"#000000","color_error_new":"#d02e2e","color_border_new":"#e4e4e4","color_background_new":"#ffffff","color_button_primary_bg":"#000000","color_button_secondary_bg":"#ffffff","color_badge_bg":"#2e3234","type_heading_font":"optima_nova_n4","type_heading_letter_spacing":0,"base_font_size":14,"type_base_font":"chivo_n4","body_font_size":14,"type_base_letter_spacing":0,"transition_grid_items":true,"transition_images_fade":true,"transition_collections_list":true,"show_search":true,"image_aspect_ratio":1,"image_size":"cover","show_quick_view":true,"show_quick_view_description":true,"show_quantity":true,"hover_image":false,"enable_payment_button":true,"enable_color_swatches":true,"color_swatches_style":"circle","products_rows":4,"products_columns":4,"enable_video_looping":false,"enable_ajax_cart":true,"enable_cart_order_notes":false,"show_continue_shopping":true,"tax_text":"Excluding taxes and shipping","show_breadcrumbs":true,"show_reviews":false,"enable_yotpo":false,"yotpo_ID":"","favicon":"","twitter_url":"","facebook_url":"","pinterest_url":"","instagram_url":"","tumblr_url":"","youtube_url":"","rss_url":"","share_on_twitter":true,"share_on_facebook":true,"share_on_pinterest":true,"checkout_header_image":"","checkout_logo_image":"","checkout_logo_position":"left","checkout_logo_size":"medium","checkout_body_background_image":"","checkout_body_background_color":"#ffffff","checkout_input_background_color_mode":"white","checkout_sidebar_background_image":"","checkout_sidebar_background_color":"#fafafa","checkout_heading_font":"-apple-system, BlinkMacSystemFont, 'Segoe UI', Roboto, Helvetica, Arial, sans-serif, 'Apple Color Emoji', 'Segoe UI Emoji', 'Segoe UI Symbol'","checkout_body_font":"-apple-system, BlinkMacSystemFont, 'Segoe UI', Roboto, Helvetica, Arial, sans-serif, 'Apple Color Emoji', 'Segoe UI Emoji', 'Segoe UI Symbol'","checkout_accent_color":"#197bbd","checkout_button_color":"#197bbd","checkout_error_color":"#e32c2b","twitter_via":"","sections":{"announcement":{"type":"announcement","settings":{"show_announcement":true,"show_announcement_on_mobile":true,"text":"<p>Broadcast sales, promos, or other offerings here<\/p>","link":"","color_bg":"#1d1d1f","color_text":"#ffffff"}},"popup":{"type":"popup","settings":{"show_popup":"disabled","popup_position":"left","popup_header":"Use the popup to catch emails and showcase promotions","popup_content":"<p>Popups can detract from a user's experience, so try to limit how often they appear.<\/p>","text_alignment":"left","show_popup_newsletter":true,"popup_delay":5,"popup_reappear_time":"7","popup_image":""}},"header":{"type":"header","settings":{"header_transparent":true,"header_text_color":"white","logo":"","logo_max_width":100,"show_site_name":true,"menu_list":"main-menu","links_position":"links_left","logo_position":"logo_left","meganav_image":"","image_aspect_ratio":1,"meganav_image_heading":"","meganav_image_link":""}},"footer":{"type":"footer","blocks":{"footer-block-menu":{"type":"menu","settings":{"menu":"footer","title":"Helpful Links","mobile_hide_block":true}},"footer-block-text":{"type":"text","settings":{"title":"Information","text":"<p>This text block is a great place to discuss shipping policies, or terms and conditions info.<\/p>","mobile_hide_block":false}},"footer-block-newsletter":{"type":"newsletter","settings":{"title":"Newsletter","content":"","mobile_hide_block":false}}},"block_order":["footer-block-menu","footer-block-text","footer-block-newsletter"],"settings":{"show_payment_icons":true,"show_social_icons":true,"menu":"","show_locale_selector":true,"show_currency_selector":true}},"product-template":{"type":"product-template","settings":{"product_layout":"scrollable","image_size":"large","add_cart_position":"top","lightbox":true,"show_vendor":true,"show_quantity":false,"show_cart_bar":true,"enable_payment_button":true,"show_newsletter":true,"text_newsletter":"<p>Notify me when this product is available:<\/p>","page_tab_1":"","page_tab_2":"","page_tab_3":"","product_slideshow_dots":false,"product_slideshow_arrows":false,"enable_video_looping":false}},"list-collections-page-template":{"type":"list-collections-page-template","settings":{"show_description":true,"collections_columns":2,"coll_text_position":"center","button_text":"View products","text_color":"#ffffff","overlay_color":"#222222","overlay_opacity":10}},"blog-template":{"type":"blog-template","settings":{"show_blog_name":false,"show_rss":false,"show_featured_post":true,"tags":true,"author":true,"date":true,"show_comments":true,"article_rows":4,"article_columns":4}},"collection-template":{"type":"collection-template","settings":{"show_sort_filter":true,"filter_mode":"tag","position_filters":"left","show_banner":true,"banner_height":"normal","banner_text_position":"center","banner_color_text":"#ffffff","banner_color_overlay":"#222222","banner_overlay_opacity":10,"featured_image":"","featured_heading":"Use this image showcase promotional content.","featured_text":"<p>Elaborate on it with rich text<\/p>","featured_button_text":"Learn More","featured_button_link":"","featured_button_style":"secondary","featured_color_text":"#ffffff","featured_color_overlay":"#222222","featured_overlay_opacity":10}},"slideshow":{"type":"slideshow","blocks":{"slideshow-0":{"type":"image","settings":{"image":"","image_mobile":"","image_position":"center-center","alignment":"left","color_style":"white","subheading":"","title":"Welcome to Modular","text":"<p>A unique layout with a striking design<\/p>","cta":"Learn More","link":"","cta_primary_btn_style":"primary","cta_2":"","link_2":"","cta_secondary_btn_style":"secondary","overlay_color":"#222222","overlay_opacity":10}},"slideshow-1":{"type":"image","settings":{"image":"","image_mobile":"","image_position":"center-center","alignment":"center","color_style":"white","subheading":"","title":"Welcome to Modular","text":"<p>A unique layout with a striking design<\/p>","cta":"Learn More","link":"","cta_primary_btn_style":"primary","cta_2":"","link_2":"","cta_secondary_btn_style":"secondary","overlay_color":"#222222","overlay_opacity":10}}},"block_order":["slideshow-0","slideshow-1"],"settings":{"show_nav_arrows":true,"show_arrow_down":false,"autoplay":true,"duration":4,"transition":"zoom-out","dots_position":"center","slide_height":"one-hundred-height-hero","button_size":"normal"}},"rich-text":{"type":"rich-text","settings":{"layout":"split","subheading":"Humble Beginnings","title":"Modular is a powerful Shopify theme that will set you apart from the rest.","content":"<p>It features ample space to showcase your imagery with Mosaic, Image with text, and Slideshow sections ... and even this Rich Text section itself.<\/p>","button_text":"Learn More","button_link":"","button_style":"primary"}},"image-with-text":{"type":"image-with-text","blocks":{"image-with-text-0":{"type":"gallery_image","settings":{"slide":""}},"image-with-text-1":{"type":"gallery_image","settings":{"slide":""}}},"block_order":["image-with-text-0","image-with-text-1"],"settings":{"show_nav_arrows":true,"color_style":"white","transition":"fade","autoplay":true,"duration":4,"slide_height":"five-fifty-height-hero","slide_image_position":"left","slide_image_width":"med_s12|med_s12","subheading":"Humble Beginnings","title":"Tell a Story","content":"<p>By showcasing a product, collection, or your brand.<\/p>","cta":"Shop Now","link":"","button_style":"primary"}},"featured-collection":{"type":"featured-collection","settings":{"title":"","featured_collection":"frontpage","products_layout":"grid","show_button":true,"button_style":"primary","color_style":"white"}},"list-collections":{"type":"list-collections","blocks":{"list-collections-0":{"type":"collection","settings":{"collection":"","image":""}},"list-collections-1":{"type":"collection","settings":{"collection":"","image":""}},"list-collections-2":{"type":"collection","settings":{"collection":"","image":""}},"list-collections-3":{"type":"collection","settings":{"collection":"","image":""}},"list-collections-4":{"type":"collection","settings":{"collection":"","image":""}}},"block_order":["list-collections-0","list-collections-1","list-collections-2","list-collections-3","list-collections-4"],"settings":{"title":"","text":"","blocks_height":"default-height","coll_text_position":"top_left","show_description":true,"text_color":"#ffffff"}},"testimonials":{"type":"testimonials","blocks":{"testimonials-0":{"type":"testimonial","settings":{"blockquote":"Use this testimonial as an opportunity for your most valued customer to discuss your brand and what sets you apart from the competition. This section looks best when limited to two or three lines!","author":"John Doe"}},"testimonials-1":{"type":"testimonial","settings":{"blockquote":"Use this testimonial as an opportunity for your most valued customer to discuss your brand and what sets you apart from the competition. This section looks best when limited to two or three lines!","author":"John Doe"}},"testimonials-2":{"type":"testimonial","settings":{"blockquote":"Use this testimonial as an opportunity for your most valued customer to discuss your brand and what sets you apart from the competition. This section looks best when limited to two or three lines!","author":"John Doe"}}},"block_order":["testimonials-0","testimonials-1","testimonials-2"],"settings":{"title":"Testimonials","title_position":"left","blocks_text_align":"justify","hide_quotes":true,"columns":3}},"featured-blog":{"type":"featured-blog","settings":{"blog":"news","heading":"","text":"","cta":"Read More","button_style":"primary","tags":true,"author":true,"date":true,"show_comments":true,"image_aspect_ratio":1,"article_rows":1,"article_columns":3}},"logo-list":{"type":"logo-list","blocks":{"logo-list-0":{"type":"item_logo","settings":{"logo_image":"","logo_url":""}},"logo-list-1":{"type":"item_logo","settings":{"logo_image":"","logo_url":""}},"logo-list-2":{"type":"item_logo","settings":{"logo_image":"","logo_url":""}},"logo-list-3":{"type":"item_logo","settings":{"logo_image":"","logo_url":""}},"logo-list-4":{"type":"item_logo","settings":{"logo_image":"","logo_url":""}}},"block_order":["logo-list-0","logo-list-1","logo-list-2","logo-list-3","logo-list-4"],"settings":{"color_logos_bg":""}},"newsletter":{"type":"newsletter","settings":{"color":"#222222","background":"#ffffff","title":"Newsletter","content":"<p>Let's keep in touch<\/p>"}}},"content_for_index":["slideshow","rich-text","image-with-text","featured-collection","list-collections","testimonials","featured-blog","logo-list","newsletter"]}}}